Firstname,Lastname,FirstName,LastName
,,Julien,Leclercq
,,Mike,Flanagan
,,Andy,Devonshire
,,Kongkiat,Komesiri
,,Olivier,Megaton
,,Bunmi,Ajakaiye
,,Jason,Hehir
,,Luis,"Alfaro,"
,,Gerhard,Mostert
,,Kemi,Adetiba
,,Brad,Anderson
,,Mauricio,"Dias,"
,,Juan,Carlos
,,Inma,Torrente
,,Sakon,Tiacharoen
,,Bejoy,"Nambiar,"
,,Billy,Corben
,,Hsu,Fu-chun
,,Glen,Winter
,,Royale,"Watkins,"
,,Garrett,Bradley
,,Jan,Holoubek
,,Malik,Nejer
,,Sidharta,"Tata,"
,,Shen,Leping
,,John,Dower
,,Srijit,"Mukherji,"
,,Fernando,Moro
,,Ivan,Andrew
,,Rob,Seidenglanz
,,Simon,Frederick
,,Hsu,Fu-chun
,,Sarawut,Wichiensarn
,,Michael,Simon
,,Joe,"Berlinger,"
,,Jay,Oliva
,,Ally,Pankiw
,,Chiaki,Kon
,,Takuya,Igarashi
,,José,"Larraza,"
,,Gary,Sing
,,Daniel,Minahan
,,Uzodinma,Okpechi
,,Cai,Cong
,,Vijay,Roche
,,Joshua,Zeman
,,Oriol,Paulo
,,Kongkiat,Khomsiri
,,Glenn,Weiss
,,Pass,Patthanakumjon
,,Moyoung,"Jin,"
,,Adrián,García
,,Jung-ah,Im
,,Alain,Brunard
,,Ange,"Basterga,"
,,Maribel,Sánchez-Maroto
,,Jared,"Hess,"
,,Sunny,Lau
,,Tharun,Bhascker
,,Joe,Berlinger
,,Richard,Arellano
,,Tiller,Russell
,,Juliet,May
,,Maite,Ruiz
,,Tony,Collingwood
,,Cosima,Spender
,,Sudha,"Kongara,"
,,Alexx,Media
,,Andrucha,"Waddington,"
,,Picky,Talarico
,,Ellena,"Wood,"
,,Lai,Chun-yu
,,Jalil,Lespert
,,Su,"I-Hsuan,"
,,BB,Sasore
,,Mateo,Gil
,,Carla,Barros
,,Steven,"Bognar,"
,,Alejandro,Hartmann
,,Juliana,Vicente
,,Chang,"Chin-jung,"
,,Thierry,"Demaizière,"
,,Manolo,Caro
,,Pavel,Kostomarov
,,Philippa,Lowthorpe
,,Kenny,Ortega
,,Pepe,Mora
,,Greg,Tiernan
,,Hong,Won-ki
,,Nopparoj,Chotmunkongsit
,,Alex,Gibney
,,Cassia,Dian
,,Wouter,Bouvijn
,,Rachit,Kusonkoonsiri
,,Kyran,Kelly
,,Rob,Seidenglanz
,,Phil,Sgriccia
,,Jesse,Warn
,,Norm,"Hiscock,"
,,Marcus,Raboy
,,Ziad,Doueiri
,,Sivaroj,Kongsakul
,,Damien,"Chazelle,"
,,He,Xiaofeng
,,Hernán,Guerschuny
,,Sion,Sono
,,David,"Chuang,"
,,Ryan,Polito
,,Adrien,"Lagier,"
,,Stefano,Lodovichi
,,Vijay,S.
,,Eric,"Goode,"
,,Lynn,Novick
,,Kim,Seong-hun
,,Carlos,Sedes
,,Ali,"Kalthami,"
,,Mick,Grogan
,,Tosin,Coker
,,Pantham,"Thongsang,"
,,James,Bamford
,,Julia,Willoughby
,,Thomas,Astruc
,,Quek,Shio-chuan
,,Soumendra,Padhi
,,Justin,Webster
,,Lee,Toland
,,Mark,Lewis
,,Obi,Emelonye
,,Tsutomu,Mizushima
,,Michel,Tikhomiroff
,,Robert,"Kenner,"
,,DJ,Chen
,,Park,Joon-hwa
,,Ahmet,Katıksız
,,Lee,Yoon-jung
,,Danny,Cannon
,,Mariano,Barroso
,,Kiko,Cruz
,,Hayato,Date
,,Vikramaditya,"Motwane,"
,,Cho,"Li,"
,,Jesse,Moss
,,Shin,Won-ho
,,Shin,Won-ho
,,Jerry,Seinfeld
,,Luis,Alberto
,,Elías,León
,,Diego,Enrique
,,Felipe,Cano
,,Quentin,Tarantino
,,Lee,"Kyoungmi,"
,,Lars,Kaalund
,,Seren,Yüce
,,Noam,Murro
,,Joel,"Gallen,"
,,Mat,King
,,Padraic,McKinley
,,Peter,Ho
,,Patrick,Graham
,,Han,Qing
,,Lee,Eung-bok
,,Trey,"Borzillieri,"
,,Dawn,Porter
,,Dan,Lucchesi
,,Kazuya,Murata
,,Dan,Forrer
,,Kobun,"Shizuno,"
,,Masaaki,Yuasa
,,Yasuhiro,Irie
,,Stan,Lathan
,,Daniel,Kontur
,,Olivier,Jean-Marie
,,David,Ayer
,,Go,Koga
,,Pali,Yahya
,,Vanessa,Roth
,,Eric,Abrams
,,Stefan,Brogren
,,Serdar,Akar
,,Iginio,Straffi
,,Chang-Min,Lee
,,Jill,"Bauer,"
,,Laurent,Bouzereau
,,Gordon,Anderson
,,Stan,Lathan
,,James,Hawes
,,David,Schalko
,,Tensai,Okamura
,,Eli,Roth
,,Nizar,Shafi
,,Jung-ah,"Im,"
,,Sharon,Grimberg
,,Miguel,Conde
,,Cecilia,Peck
,,Carlos,Bolado
,,James,Lee
,,Ian,Barber
,,Alastair,Fothergill
,,Guy,Vasilovich
,,Neslihan,Yesilyurt
,,Ah,Loong
,,Stuart,Orme
,,Toby,Haynes
,,Ken,Burns
,,Ken,Burns
,,Steve,Greenwood
,,Alejandro,Lozano
,,Andrew,"Tan,"
,,Onur,Ünlü
,,Jakob,Verbruggen
,,Alessandro,Angulo
,,Iginio,Straffi
,,Everardo,Gout
,,Rachel,Bell
,,Oliver,Stone
,,Peter,McDonnell
,,Oscar,"Micheaux,"
,,Alastair,Fothergill
,,Bhavik,Thakore
,,Jani,"Lachauer,"
,,Jay,Chandrasekhar
,,Ehtesham,Uddin
,,Dheeraj,Berry
,,Estela,Renner
,,Alastair,Fothergill
,,Bumpy,
,,Michael,Samuels
,,Mark,Tonderai
,,Ken,"Burns,"
,,Michael,Cumming
